<?xml version="1.0" encoding="UTF-8" ?>
<!DOCTYPE mapper
        PUBLIC "-//mybatis.org//DTD Mapper 3.0//EN"
        "http://mybatis.org/dtd/mybatis-3-mapper.dtd">
<!--namespace=绑定一个对应的Dao/Mapper接口,具体到dao中的那个dao接口-->
<mapper namespace="org.library.dao.book_Dao">
    <!--id对应的Mapper代理接⼝⽅法的⽅法名,这里也就是StudentDao接口的方法的方法名-->
    <!-- resultType对应pojo中的实体类，等价于数据库中的student表 -->
    <select id="find_all_book" resultType="org.library.pojo.book">
        select * from book
    </select>

    <select id="find_all_book_by_ASC" resultType="org.library.pojo.book">
        select * from book order by library.book.returndate ;
    </select>

    <select id="find_all_book_by_DESC" resultType="org.library.pojo.book">
        select * from book order by library.book.returndate DESC;
    </select>

    <select id="find_book" resultType="org.library.pojo.book" parameterType="org.library.pojo.book">
        select *
        from book
        <where>
            <if test="id != null and id!=''">
                id
                =#{id
                }
            </if>
            <if test="name != null and name !=''">
                and name like concat('%', #{name}, '%')
            </if>

            <if test="author != null and author !=''">
                and author like concat('%', #{author}, '%')
            </if>

            <if test="category != null and category !=''">
                and category like concat('%', #{category}, '%')
            </if>

            <if test="place != null and place !=''">
                and place like concat('%', #{place}, '%')
            </if>

            <if test="publisher != null and publisher!=''">
                and publisher like concat('%', #{publisher}, '%')
            </if>

            <if test="year != null and year!=''">
                and year=#{year, javaType=java.time.LocalDate}
            </if>

            <if test="status != null and status!=''">
                and status=#{status}
            </if>

            <if test="uid != null and uid!=''">
                and uid=#{uid}
            </if>

            <if test="brodate != null and brodate!=''">
                and brodate=#{brodate, javaType=java.time.LocalDate}
            </if>
            <if test="returndate != null and returndate!=''">
                and returndate=#{returndate, javaType=java.time.LocalDate}
            </if>
        </where>
    </select>

    <select id="find_book_by_id" resultType="org.library.pojo.book">
        select * from book where id=#{id
        }
    </select>

    <select id="find_book_by_uid" resultType="org.library.pojo.book">
        select * from book where uid=#{id}
    </select>
    <!-- 对应的插入字段的名字 -->
    <sql id="key">
        <trim suffixOverrides=",">
            <if test="id!=null and id!=''">
                id,
            </if>
            <if test="name!=null and name!=''">
                name,
            </if>
            <if test="author!=null and author!=''">
                author,
            </if>
            <if test="category!=null and category!=''">
                category,
            </if>
            <if test="place!=null and place!=''">
                place,
            </if>
            <if test="publisher!=null and publisher!=''">
                publisher,
            </if>
            <if test="year!=null">
                year,
            </if>

            <if test="status!=null and status!=''">
                status,
            </if>

            <if test="uid!=null and uid!=''">
                uid,
            </if>
            <if test="brodate!=null">
                brodate,
            </if>
            <if test="returndate!=null ">
                returndate,
            </if>
        </trim>
    </sql>


    <!-- 对应的插入字段的值 -->
    <sql id="values">
        <trim suffixOverrides=",">
            <if test="id
            !=null and id!=''">
                #{id},
            </if>
            <if test="name!=null and name!=''">
                #{name},
            </if>
            <if test="author!=null and author!=''">
                #{author},
            </if>
            <if test="category!=null and category!=''">
                #{category},
            </if>
            <if test="place!=null and place!=''">
                #{place},
            </if>
            <if test="publisher!=null and publisher!=''">
                #{publisher},
            </if>
            <if test="year!=null ">
                #{year, jdbcType=DATE,javaType=java.time.LocalDate},
            </if>
            <if test="status!=null and status!=''">
                #{status},
            </if>
            <if test="uid!=null and uid!=''">
                #{uid},
            </if>
            <if test="brodate!=null ">
                #{brodate, jdbcType=DATE,javaType=java.time.LocalDate},
            </if>
            <if test="returndate!=null ">
                #{returndate,jdbcType=DATE,javaType=java.time.LocalDate},
            </if>
        </trim>
    </sql>

    <!--上面的两个语句也就是插入的数据源-->
    <insert id="add_book">
        insert into book(<include refid="key"/>)
        values(<include refid="values"/>)
    </insert>

    <update id="update_book">
        update book
        <set>
            <if test="id
             != null">id
            =#{id
            },</if>
            <if test="name != null">name=#{name},</if>
            <if test="author != null">author=#{author},</if>
            <if test="category != null">category=#{category},</if>
            <if test="place != null">place=#{place},</if>
            <if test="publisher != null">publisher=#{publisher},</if>
            <if test="year != null">year= #{year, jdbcType=DATE,javaType=java.time.LocalDate},</if>
            <if test="status != null">status=#{status},</if>
            <if test="uid != null">uid=#{uid},</if>
            <if test="brodate != null">brodate=#{brodate, jdbcType=DATE, javaType=java.time.LocalDate},</if>
            <if test="returndate != null">returndate=#{returndate, jdbcType=DATE, javaType=java.time.LocalDate}</if>
        </set>
        where id
        =#{id
        }
    </update>
    <!--删除一本书-->
    <delete id="delete_book_by_id">
        delete from book where id
                                   =#{id
                                   }
    </delete>

    <!--根据书名统计数量-->
    <select id="get_count_by_name" resultType="int">
        SELECT count(*) FROM book WHERE name = #{name}
    </select>

    <!--根据作者统计数量-->
    <select id="get_count_by_author" resultType="int">
        SELECT count(*) FROM book WHERE author = #{author}
    </select>

    <!--根据分类统计数量-->
    <select id="get_count_by_category" resultType="int">
        SELECT count(*) FROM book WHERE category = #{category}
    </select>

    <!--还书，根据图书id将图书的借阅信息为“可借”，然后消除uid,日期-->
    <update id="update_return_book">
        update book
        <set>
            <if test="id != null">
            id
            =#{id
            },</if>
            <if test="name != null">name=#{name},</if>
            <if test="author != null">author=#{author},</if>
            <if test="category != null">category=#{category},</if>
            <if test="place != null">place="1",</if>
            <if test="publisher != null">publisher=#{publisher},</if>
            <if test="year != null">year= #{year, jdbcType=DATE,javaType=java.time.LocalDate},</if>
            <if test="status != null">status="可借",</if>
            uid=null,
            brodate=null,
            returndate=null,
        </set>
        where id
        =#{id
        }
    </update>









</mapper>
