<?xml version="1.0" encoding="UTF-8" ?>
<!DOCTYPE mapper
        PUBLIC "-//mybatis.org//DTD Mapper 3.0//EN"
        "http://mybatis.org/dtd/mybatis-3-mapper.dtd">
<!--namespace=绑定一个对应的Dao/Mapper接口,具体到dao中的那个dao接口-->
<mapper namespace="org.library.dao.library_manager_Dao">
    <!--id对应的Mapper代理接⼝⽅法的⽅法名,这里也就是StudentDao接口的方法的方法名-->
    <!-- resultType对应pojo中的实体类，等价于数据库中的student表 -->
    <select id="find_all_library_manager" resultType="org.library.pojo.library_manager">
        select * from library.library_manager
    </select>

    <select id="find_library_manager" resultType="org.library.pojo.library_manager" parameterType="org.library.pojo.library_manager">
        select * from library.library_manager
        <where>
            <if test="id != null and id!=''">
                id=#{id}
            </if>
            <if test="sex != null and sex!=''">
                sex=#{sex}
            </if>
            <if test="name != null and name !=''">
                and name like concat('%', #{name}, '%')
            </if>
            <if test="password != null and password!=''">
                and password=#{password}
            </if>
            <if test="phone != null and phone!=''">
                and phone=#{phone}
            </if>


        </where>
    </select>

    <select id="find_library_manager_by_id" resultType="org.library.pojo.library_manager">
        select * from library.library_manager where id=#{id}
    </select>

    <!-- 对应的插入字段的名字 -->
    <sql id="key">
        <trim suffixOverrides=",">
            <if test="id!=null and id!=''">
                id,
            </if>
            <if test="sex!=null and sex!=''">
                sex,
            </if>
            <if test="name!=null and name!=''">
                name,
            </if>
            <if test="password!=null and password!=''">
                password,
            </if>
            <if test="phone!=null and phone!=''">
                phone,
            </if>

        </trim>
    </sql>


    <!-- 对应的插入字段的值 -->
    <sql id="values">
        <trim suffixOverrides=",">
            <if test="id!=null and id!=''">
                #{id},
            </if>
            <if test="sex!=null and sex!=''">
                #{sex},
            </if>
            <if test="name!=null and name!=''">
                #{name},
            </if>
            <if test="password!=null and password!=''">
                #{password},
            </if>
            <if test="phone!=null and phone!=''">
                #{phone},
            </if>

        </trim>
    </sql>

    <!--上面的两个语句也就是插入的数据源-->
    <insert id="add_library_manager">
        insert into library.library_manager(<include refid="key"/>)
        values(<include refid="values"/>)
    </insert>

    <update id="update_library_manager">
        UPDATE library.library_manager
        <set>
            <if test="id != null">id = #{id},</if>
            <if test="sex != null">sex = #{sex},</if>
            <if test="name != null">name = #{name},</if>
            <if test="password != null">password = #{password},</if>
            <if test="phone != null">phone = #{phone},</if>
        </set>
        WHERE id = #{id}
    </update>


    <delete id="delete_library_manager_by_id">
        delete from library.library_manager where id=#{id}
    </delete>



</mapper>
