<?xml version="1.0" encoding="UTF-8" ?>
<!DOCTYPE configuration
        PUBLIC "-//mybatis.org//DTD Config 3.0//EN"
        "http://mybatis.org/dtd/mybatis-3-config.dtd">
<!-- configuration核心配置文件 -->
<configuration>

    <properties>
        <property name="dialect" value="mysql"/>
    </properties>




    <environments default="development">
        <environment id="development">
            <transactionManager type="JDBC"/>
            <dataSource type="POOLED">
                <property name="driver" value="com.mysql.cj.jdbc.Driver"/>
                <property name="url" value="jdbc:mysql://127.0.0.1:3306/library?useSSl=false&amp;useUnicode=true&amp;characterEncoding=UTF-8&amp;serverTimezone=Asia/Shanghai"/>
                <property name="username" value="dormitory"/>
                <property name="password" value="administrate"/>
            </dataSource>
        </environment>
    </environments>






    <!--每一个Mapper.XML都需要在Mybatis核心配置文件中注册！-->
    <!--特别是新建的时候容易忘记-->
    <mappers>
        <!-- resource是mapper文件的路径       -->
        <mapper resource="mapper/system_manager_mapper.xml"/>
        <mapper resource="mapper/library_manager_mapper.xml"/>
        <mapper resource="mapper/student_mapper.xml"/>
        <mapper resource="mapper/teacher_mapper.xml"/>
        <mapper resource="mapper/book_mapper.xml"/>
    </mappers>
</configuration>
